12b,(Temp+55)*128
0,26880
1,26880
2,26880
3,26880
4,26880
5,26880
6,26880
7,26880
8,26880
9,26880
10,26880
11,26880
12,26880
13,26880
14,26880
15,26880
16,26880
17,26880
18,26880
19,26880
20,26880
21,26880
22,26880
23,26880
24,26880
25,26880
26,26880
27,26880
28,26880
29,26880
30,26880
31,26880
32,26880
33,26880
34,26880
35,26880
36,26880
37,26880
38,26880
39,26880
40,26880
41,26880
42,26880
43,26880
44,26880
45,26880
46,26880
47,26880
48,26880
49,26880
50,26880
51,26880
52,26880
53,26880
54,26880
55,26880
56,26880
57,26880
58,26880
59,26880
60,26880
61,26880
62,26880
63,26880
64,26880
65,26880
66,26880
67,26880
68,26796
69,26713
70,26631
71,26551
72,26471
73,26393
74,26316
75,26240
76,26164
77,26091
78,26018
79,25946
80,25875
81,25806
82,25736
83,25668
84,25600
85,25532
86,25465
87,25399
88,25334
89,25269
90,25205
91,25142
92,25080
93,25019
94,24960
95,24901
96,24843
97,24787
98,24732
99,24677
100,24624
101,24572
102,24520
103,24469
104,24419
105,24369
106,24320
107,24271
108,24223
109,24175
110,24128
111,24082
112,24036
113,23991
114,23946
115,23901
116,23857
117,23812
118,23768
119,23724
120,23680
121,23635
122,23591
123,23547
124,23504
125,23460
126,23416
127,23373
128,23329
129,23287
130,23244
131,23202
132,23161
133,23120
134,23079
135,23040
136,23000
137,22961
138,22923
139,22885
140,22847
141,22810
142,22774
143,22738
144,22702
145,22667
146,22633
147,22598
148,22564
149,22531
150,22497
151,22464
152,22432
153,22400
154,22368
155,22336
156,22305
157,22274
158,22243
159,22213
160,22183
161,22154
162,22125
163,22096
164,22068
165,22039
166,22011
167,21983
168,21955
169,21927
170,21899
171,21871
172,21843
173,21815
174,21787
175,21760
176,21732
177,21704
178,21677
179,21649
180,21621
181,21594
182,21567
183,21539
184,21512
185,21485
186,21457
187,21430
188,21403
189,21376
190,21350
191,21323
192,21297
193,21271
194,21245
195,21220
196,21194
197,21169
198,21144
199,21120
200,21095
201,21071
202,21047
203,21023
204,20999
205,20976
206,20952
207,20929
208,20906
209,20884
210,20861
211,20839
212,20817
213,20796
214,20774
215,20753
216,20731
217,20710
218,20688
219,20667
220,20646
221,20625
222,20604
223,20583
224,20562
225,20541
226,20521
227,20500
228,20480
229,20459
230,20439
231,20418
232,20398
233,20378
234,20357
235,20337
236,20317
237,20297
238,20277
239,20258
240,20238
241,20218
242,20199
243,20179
244,20160
245,20140
246,20121
247,20101
248,20082
249,20063
250,20044
251,20025
252,20006
253,19987
254,19969
255,19950
256,19931
257,19913
258,19894
259,19876
260,19858
261,19840
262,19821
263,19803
264,19785
265,19767
266,19749
267,19732
268,19714
269,19696
270,19679
271,19661
272,19644
273,19626
274,19609
275,19592
276,19575
277,19558
278,19541
279,19524
280,19507
281,19490
282,19474
283,19457
284,19440
285,19424
286,19407
287,19391
288,19375
289,19358
290,19342
291,19326
292,19310
293,19294
294,19278
295,19262
296,19246
297,19231
298,19215
299,19200
300,19184
301,19168
302,19153
303,19138
304,19122
305,19107
306,19092
307,19077
308,19062
309,19047
310,19032
311,19017
312,19003
313,18988
314,18973
315,18959
316,18944
317,18930
318,18915
319,18901
320,18887
321,18873
322,18859
323,18845
324,18831
325,18817
326,18803
327,18789
328,18775
329,18761
330,18747
331,18734
332,18720
333,18706
334,18693
335,18679
336,18666
337,18652
338,18639
339,18626
340,18612
341,18599
342,18586
343,18573
344,18560
345,18546
346,18533
347,18520
348,18507
349,18494
350,18482
351,18469
352,18456
353,18443
354,18430
355,18418
356,18405
357,18393
358,18380
359,18368
360,18355
361,18343
362,18330
363,18318
364,18306
365,18294
366,18281
367,18269
368,18257
369,18245
370,18233
371,18221
372,18209
373,18197
374,18185
375,18174
376,18162
377,18150
378,18138
379,18126
380,18115
381,18103
382,18091
383,18080
384,18068
385,18056
386,18045
387,18033
388,18022
389,18010
390,17999
391,17988
392,17976
393,17965
394,17953
395,17942
396,17931
397,17920
398,17908
399,17897
400,17886
401,17875
402,17864
403,17852
404,17841
405,17830
406,17819
407,17808
408,17797
409,17786
410,17775
411,17765
412,17754
413,17743
414,17732
415,17721
416,17710
417,17700
418,17689
419,17678
420,17668
421,17657
422,17647
423,17636
424,17625
425,17615
426,17604
427,17594
428,17583
429,17573
430,17563
431,17552
432,17542
433,17532
434,17521
435,17511
436,17501
437,17490
438,17480
439,17470
440,17460
441,17450
442,17439
443,17429
444,17419
445,17409
446,17399
447,17389
448,17379
449,17369
450,17359
451,17349
452,17339
453,17329
454,17319
455,17309
456,17299
457,17289
458,17280
459,17270
460,17260
461,17250
462,17240
463,17231
464,17221
465,17211
466,17201
467,17192
468,17182
469,17172
470,17163
471,17153
472,17144
473,17134
474,17125
475,17115
476,17106
477,17096
478,17087
479,17077
480,17068
481,17058
482,17049
483,17040
484,17030
485,17021
486,17012
487,17003
488,16993
489,16984
490,16975
491,16966
492,16956
493,16947
494,16938
495,16929
496,16920
497,16911
498,16902
499,16893
500,16884
501,16875
502,16866
503,16857
504,16848
505,16839
506,16830
507,16821
508,16812
509,16804
510,16795
511,16786
512,16777
513,16768
514,16760
515,16751
516,16742
517,16734
518,16725
519,16716
520,16708
521,16699
522,16691
523,16682
524,16673
525,16665
526,16656
527,16648
528,16640
529,16631
530,16623
531,16614
532,16606
533,16598
534,16589
535,16581
536,16573
537,16564
538,16556
539,16548
540,16540
541,16531
542,16523
543,16515
544,16507
545,16499
546,16491
547,16483
548,16475
549,16467
550,16459
551,16451
552,16443
553,16435
554,16427
555,16419
556,16411
557,16403
558,16395
559,16388
560,16380
561,16372
562,16364
563,16356
564,16349
565,16341
566,16333
567,16326
568,16318
569,16310
570,16303
571,16295
572,16288
573,16280
574,16272
575,16265
576,16257
577,16250
578,16242
579,16235
580,16227
581,16220
582,16212
583,16205
584,16197
585,16190
586,16182
587,16175
588,16168
589,16160
590,16153
591,16145
592,16138
593,16131
594,16123
595,16116
596,16109
597,16101
598,16094
599,16087
600,16079
601,16072
602,16065
603,16057
604,16050
605,16043
606,16036
607,16028
608,16021
609,16014
610,16007
611,16000
612,15992
613,15985
614,15978
615,15971
616,15964
617,15956
618,15949
619,15942
620,15935
621,15928
622,15921
623,15914
624,15907
625,15900
626,15893
627,15886
628,15879
629,15872
630,15865
631,15858
632,15851
633,15844
634,15837
635,15830
636,15823
637,15816
638,15809
639,15802
640,15795
641,15788
642,15781
643,15774
644,15767
645,15760
646,15754
647,15747
648,15740
649,15733
650,15726
651,15719
652,15713
653,15706
654,15699
655,15692
656,15686
657,15679
658,15672
659,15665
660,15659
661,15652
662,15645
663,15639
664,15632
665,15625
666,15618
667,15612
668,15605
669,15599
670,15592
671,15585
672,15579
673,15572
674,15565
675,15559
676,15552
677,15546
678,15539
679,15533
680,15526
681,15520
682,15513
683,15507
684,15500
685,15494
686,15487
687,15481
688,15474
689,15468
690,15461
691,15455
692,15448
693,15442
694,15436
695,15429
696,15423
697,15416
698,15410
699,15404
700,15397
701,15391
702,15385
703,15378
704,15372
705,15366
706,15360
707,15353
708,15347
709,15341
710,15334
711,15328
712,15322
713,15316
714,15309
715,15303
716,15297
717,15291
718,15285
719,15279
720,15272
721,15266
722,15260
723,15254
724,15248
725,15242
726,15236
727,15230
728,15223
729,15217
730,15211
731,15205
732,15199
733,15193
734,15187
735,15181
736,15175
737,15169
738,15163
739,15157
740,15151
741,15145
742,15139
743,15133
744,15127
745,15121
746,15115
747,15110
748,15104
749,15098
750,15092
751,15086
752,15080
753,15074
754,15068
755,15063
756,15057
757,15051
758,15045
759,15039
760,15034
761,15028
762,15022
763,15016
764,15011
765,15005
766,14999
767,14993
768,14988
769,14982
770,14976
771,14970
772,14965
773,14959
774,14953
775,14948
776,14942
777,14936
778,14931
779,14925
780,14919
781,14914
782,14908
783,14902
784,14897
785,14891
786,14885
787,14880
788,14874
789,14869
790,14863
791,14857
792,14852
793,14846
794,14841
795,14835
796,14829
797,14824
798,14818
799,14813
800,14807
801,14802
802,14796
803,14791
804,14785
805,14780
806,14774
807,14769
808,14763
809,14758
810,14752
811,14747
812,14741
813,14736
814,14730
815,14725
816,14720
817,14714
818,14709
819,14703
820,14698
821,14692
822,14687
823,14682
824,14676
825,14671
826,14665
827,14660
828,14655
829,14649
830,14644
831,14639
832,14633
833,14628
834,14623
835,14617
836,14612
837,14607
838,14601
839,14596
840,14591
841,14585
842,14580
843,14575
844,14570
845,14564
846,14559
847,14554
848,14549
849,14543
850,14538
851,14533
852,14528
853,14522
854,14517
855,14512
856,14507
857,14502
858,14496
859,14491
860,14486
861,14481
862,14476
863,14471
864,14465
865,14460
866,14455
867,14450
868,14445
869,14440
870,14435
871,14430
872,14425
873,14419
874,14414
875,14409
876,14404
877,14399
878,14394
879,14389
880,14384
881,14379
882,14374
883,14369
884,14364
885,14359
886,14354
887,14349
888,14344
889,14339
890,14334
891,14329
892,14324
893,14319
894,14314
895,14309
896,14304
897,14299
898,14294
899,14289
900,14284
901,14279
902,14274
903,14269
904,14264
905,14259
906,14254
907,14249
908,14244
909,14239
910,14234
911,14230
912,14225
913,14220
914,14215
915,14210
916,14205
917,14200
918,14195
919,14190
920,14186
921,14181
922,14176
923,14171
924,14166
925,14161
926,14156
927,14152
928,14147
929,14142
930,14137
931,14132
932,14127
933,14123
934,14118
935,14113
936,14108
937,14103
938,14099
939,14094
940,14089
941,14084
942,14080
943,14075
944,14070
945,14065
946,14060
947,14056
948,14051
949,14046
950,14041
951,14037
952,14032
953,14027
954,14023
955,14018
956,14013
957,14008
958,14004
959,13999
960,13994
961,13990
962,13985
963,13980
964,13976
965,13971
966,13966
967,13962
968,13957
969,13952
970,13948
971,13943
972,13938
973,13934
974,13929
975,13925
976,13920
977,13915
978,13911
979,13906
980,13901
981,13897
982,13892
983,13888
984,13883
985,13879
986,13874
987,13869
988,13865
989,13860
990,13856
991,13851
992,13847
993,13842
994,13838
995,13833
996,13828
997,13824
998,13819
999,13815
1000,13810
1001,13806
1002,13801
1003,13797
1004,13792
1005,13788
1006,13783
1007,13779
1008,13774
1009,13770
1010,13765
1011,13761
1012,13757
1013,13752
1014,13748
1015,13743
1016,13739
1017,13734
1018,13730
1019,13725
1020,13721
1021,13717
1022,13712
1023,13708
1024,13703
1025,13699
1026,13695
1027,13690
1028,13686
1029,13681
1030,13677
1031,13673
1032,13668
1033,13664
1034,13659
1035,13655
1036,13651
1037,13646
1038,13642
1039,13637
1040,13633
1041,13629
1042,13624
1043,13620
1044,13616
1045,13611
1046,13607
1047,13603
1048,13598
1049,13594
1050,13590
1051,13585
1052,13581
1053,13577
1054,13572
1055,13568
1056,13564
1057,13559
1058,13555
1059,13551
1060,13546
1061,13542
1062,13538
1063,13533
1064,13529
1065,13525
1066,13520
1067,13516
1068,13512
1069,13508
1070,13503
1071,13499
1072,13495
1073,13491
1074,13486
1075,13482
1076,13478
1077,13473
1078,13469
1079,13465
1080,13461
1081,13456
1082,13452
1083,13448
1084,13444
1085,13440
1086,13435
1087,13431
1088,13427
1089,13423
1090,13418
1091,13414
1092,13410
1093,13406
1094,13402
1095,13397
1096,13393
1097,13389
1098,13385
1099,13381
1100,13376
1101,13372
1102,13368
1103,13364
1104,13360
1105,13355
1106,13351
1107,13347
1108,13343
1109,13339
1110,13335
1111,13330
1112,13326
1113,13322
1114,13318
1115,13314
1116,13310
1117,13306
1118,13301
1119,13297
1120,13293
1121,13289
1122,13285
1123,13281
1124,13277
1125,13273
1126,13268
1127,13264
1128,13260
1129,13256
1130,13252
1131,13248
1132,13244
1133,13240
1134,13236
1135,13232
1136,13228
1137,13223
1138,13219
1139,13215
1140,13211
1141,13207
1142,13203
1143,13199
1144,13195
1145,13191
1146,13187
1147,13183
1148,13179
1149,13175
1150,13171
1151,13167
1152,13163
1153,13159
1154,13155
1155,13151
1156,13147
1157,13143
1158,13138
1159,13134
1160,13130
1161,13126
1162,13122
1163,13118
1164,13114
1165,13110
1166,13106
1167,13102
1168,13098
1169,13095
1170,13091
1171,13087
1172,13083
1173,13079
1174,13075
1175,13071
1176,13067
1177,13063
1178,13059
1179,13055
1180,13051
1181,13047
1182,13043
1183,13039
1184,13035
1185,13031
1186,13027
1187,13023
1188,13019
1189,13015
1190,13011
1191,13008
1192,13004
1193,13000
1194,12996
1195,12992
1196,12988
1197,12984
1198,12980
1199,12976
1200,12972
1201,12968
1202,12965
1203,12961
1204,12957
1205,12953
1206,12949
1207,12945
1208,12941
1209,12937
1210,12933
1211,12930
1212,12926
1213,12922
1214,12918
1215,12914
1216,12910
1217,12906
1218,12903
1219,12899
1220,12895
1221,12891
1222,12887
1223,12883
1224,12879
1225,12876
1226,12872
1227,12868
1228,12864
1229,12860
1230,12857
1231,12853
1232,12849
1233,12845
1234,12841
1235,12837
1236,12834
1237,12830
1238,12826
1239,12822
1240,12818
1241,12815
1242,12811
1243,12807
1244,12803
1245,12800
1246,12796
1247,12792
1248,12788
1249,12784
1250,12781
1251,12777
1252,12773
1253,12769
1254,12766
1255,12762
1256,12758
1257,12754
1258,12751
1259,12747
1260,12743
1261,12739
1262,12736
1263,12732
1264,12728
1265,12724
1266,12721
1267,12717
1268,12713
1269,12709
1270,12706
1271,12702
1272,12698
1273,12695
1274,12691
1275,12687
1276,12684
1277,12680
1278,12676
1279,12672
1280,12669
1281,12665
1282,12661
1283,12658
1284,12654
1285,12650
1286,12647
1287,12643
1288,12639
1289,12636
1290,12632
1291,12628
1292,12625
1293,12621
1294,12617
1295,12614
1296,12610
1297,12606
1298,12603
1299,12599
1300,12595
1301,12592
1302,12588
1303,12585
1304,12581
1305,12577
1306,12574
1307,12570
1308,12566
1309,12563
1310,12559
1311,12556
1312,12552
1313,12548
1314,12545
1315,12541
1316,12538
1317,12534
1318,12530
1319,12527
1320,12523
1321,12520
1322,12516
1323,12513
1324,12509
1325,12505
1326,12502
1327,12498
1328,12495
1329,12491
1330,12488
1331,12484
1332,12480
1333,12477
1334,12473
1335,12470
1336,12466
1337,12463
1338,12459
1339,12456
1340,12452
1341,12449
1342,12445
1343,12441
1344,12438
1345,12434
1346,12431
1347,12427
1348,12424
1349,12420
1350,12417
1351,12413
1352,12410
1353,12406
1354,12403
1355,12399
1356,12396
1357,12392
1358,12389
1359,12385
1360,12382
1361,12378
1362,12375
1363,12371
1364,12368
1365,12364
1366,12361
1367,12357
1368,12354
1369,12350
1370,12347
1371,12343
1372,12340
1373,12336
1374,12333
1375,12329
1376,12326
1377,12322
1378,12319
1379,12315
1380,12312
1381,12308
1382,12305
1383,12301
1384,12298
1385,12294
1386,12291
1387,12287
1388,12284
1389,12280
1390,12277
1391,12273
1392,12270
1393,12266
1394,12263
1395,12259
1396,12256
1397,12253
1398,12249
1399,12246
1400,12242
1401,12239
1402,12235
1403,12232
1404,12228
1405,12225
1406,12221
1407,12218
1408,12215
1409,12211
1410,12208
1411,12204
1412,12201
1413,12197
1414,12194
1415,12190
1416,12187
1417,12184
1418,12180
1419,12177
1420,12173
1421,12170
1422,12166
1423,12163
1424,12160
1425,12156
1426,12153
1427,12149
1428,12146
1429,12142
1430,12139
1431,12136
1432,12132
1433,12129
1434,12125
1435,12122
1436,12118
1437,12115
1438,12112
1439,12108
1440,12105
1441,12101
1442,12098
1443,12095
1444,12091
1445,12088
1446,12084
1447,12081
1448,12078
1449,12074
1450,12071
1451,12067
1452,12064
1453,12061
1454,12057
1455,12054
1456,12050
1457,12047
1458,12044
1459,12040
1460,12037
1461,12034
1462,12030
1463,12027
1464,12023
1465,12020
1466,12017
1467,12013
1468,12010
1469,12007
1470,12003
1471,12000
1472,11996
1473,11993
1474,11990
1475,11986
1476,11983
1477,11980
1478,11976
1479,11973
1480,11970
1481,11966
1482,11963
1483,11960
1484,11956
1485,11953
1486,11950
1487,11946
1488,11943
1489,11939
1490,11936
1491,11933
1492,11929
1493,11926
1494,11923
1495,11919
1496,11916
1497,11913
1498,11909
1499,11906
1500,11903
1501,11899
1502,11896
1503,11893
1504,11890
1505,11886
1506,11883
1507,11880
1508,11876
1509,11873
1510,11870
1511,11866
1512,11863
1513,11860
1514,11856
1515,11853
1516,11850
1517,11846
1518,11843
1519,11840
1520,11837
1521,11833
1522,11830
1523,11827
1524,11823
1525,11820
1526,11817
1527,11813
1528,11810
1529,11807
1530,11804
1531,11800
1532,11797
1533,11794
1534,11790
1535,11787
1536,11784
1537,11781
1538,11777
1539,11774
1540,11771
1541,11767
1542,11764
1543,11761
1544,11758
1545,11754
1546,11751
1547,11748
1548,11745
1549,11741
1550,11738
1551,11735
1552,11732
1553,11728
1554,11725
1555,11722
1556,11719
1557,11715
1558,11712
1559,11709
1560,11706
1561,11702
1562,11699
1563,11696
1564,11693
1565,11689
1566,11686
1567,11683
1568,11680
1569,11676
1570,11673
1571,11670
1572,11667
1573,11663
1574,11660
1575,11657
1576,11654
1577,11651
1578,11647
1579,11644
1580,11641
1581,11638
1582,11634
1583,11631
1584,11628
1585,11625
1586,11622
1587,11618
1588,11615
1589,11612
1590,11609
1591,11606
1592,11602
1593,11599
1594,11596
1595,11593
1596,11590
1597,11586
1598,11583
1599,11580
1600,11577
1601,11574
1602,11570
1603,11567
1604,11564
1605,11561
1606,11558
1607,11554
1608,11551
1609,11548
1610,11545
1611,11542
1612,11539
1613,11535
1614,11532
1615,11529
1616,11526
1617,11523
1618,11520
1619,11516
1620,11513
1621,11510
1622,11507
1623,11504
1624,11501
1625,11497
1626,11494
1627,11491
1628,11488
1629,11485
1630,11482
1631,11478
1632,11475
1633,11472
1634,11469
1635,11466
1636,11463
1637,11460
1638,11456
1639,11453
1640,11450
1641,11447
1642,11444
1643,11441
1644,11438
1645,11434
1646,11431
1647,11428
1648,11425
1649,11422
1650,11419
1651,11416
1652,11413
1653,11409
1654,11406
1655,11403
1656,11400
1657,11397
1658,11394
1659,11391
1660,11388
1661,11384
1662,11381
1663,11378
1664,11375
1665,11372
1666,11369
1667,11366
1668,11363
1669,11360
1670,11357
1671,11353
1672,11350
1673,11347
1674,11344
1675,11341
1676,11338
1677,11335
1678,11332
1679,11329
1680,11326
1681,11323
1682,11319
1683,11316
1684,11313
1685,11310
1686,11307
1687,11304
1688,11301
1689,11298
1690,11295
1691,11292
1692,11289
1693,11286
1694,11283
1695,11280
1696,11276
1697,11273
1698,11270
1699,11267
1700,11264
1701,11261
1702,11258
1703,11255
1704,11252
1705,11249
1706,11246
1707,11243
1708,11240
1709,11237
1710,11234
1711,11231
1712,11228
1713,11225
1714,11222
1715,11218
1716,11215
1717,11212
1718,11209
1719,11206
1720,11203
1721,11200
1722,11197
1723,11194
1724,11191
1725,11188
1726,11185
1727,11182
1728,11179
1729,11176
1730,11173
1731,11170
1732,11167
1733,11164
1734,11161
1735,11158
1736,11155
1737,11152
1738,11149
1739,11146
1740,11143
1741,11140
1742,11137
1743,11134
1744,11131
1745,11128
1746,11125
1747,11122
1748,11119
1749,11116
1750,11113
1751,11110
1752,11107
1753,11104
1754,11101
1755,11098
1756,11095
1757,11092
1758,11089
1759,11086
1760,11083
1761,11080
1762,11077
1763,11074
1764,11071
1765,11068
1766,11065
1767,11062
1768,11059
1769,11056
1770,11053
1771,11050
1772,11047
1773,11044
1774,11041
1775,11038
1776,11035
1777,11032
1778,11029
1779,11026
1780,11023
1781,11020
1782,11017
1783,11014
1784,11011
1785,11008
1786,11005
1787,11002
1788,10999
1789,10996
1790,10993
1791,10990
1792,10987
1793,10984
1794,10981
1795,10978
1796,10975
1797,10972
1798,10969
1799,10966
1800,10963
1801,10960
1802,10957
1803,10954
1804,10951
1805,10948
1806,10945
1807,10942
1808,10939
1809,10936
1810,10933
1811,10930
1812,10927
1813,10924
1814,10921
1815,10918
1816,10915
1817,10912
1818,10909
1819,10906
1820,10903
1821,10900
1822,10897
1823,10894
1824,10891
1825,10888
1826,10885
1827,10882
1828,10880
1829,10877
1830,10874
1831,10871
1832,10868
1833,10865
1834,10862
1835,10859
1836,10856
1837,10853
1838,10850
1839,10847
1840,10844
1841,10841
1842,10838
1843,10835
1844,10832
1845,10829
1846,10826
1847,10823
1848,10820
1849,10817
1850,10814
1851,10811
1852,10808
1853,10805
1854,10803
1855,10800
1856,10797
1857,10794
1858,10791
1859,10788
1860,10785
1861,10782
1862,10779
1863,10776
1864,10773
1865,10770
1866,10767
1867,10764
1868,10761
1869,10758
1870,10755
1871,10752
1872,10749
1873,10747
1874,10744
1875,10741
1876,10738
1877,10735
1878,10732
1879,10729
1880,10726
1881,10723
1882,10720
1883,10717
1884,10714
1885,10711
1886,10708
1887,10705
1888,10702
1889,10700
1890,10697
1891,10694
1892,10691
1893,10688
1894,10685
1895,10682
1896,10679
1897,10676
1898,10673
1899,10670
1900,10667
1901,10664
1902,10661
1903,10659
1904,10656
1905,10653
1906,10650
1907,10647
1908,10644
1909,10641
1910,10638
1911,10635
1912,10632
1913,10629
1914,10626
1915,10623
1916,10621
1917,10618
1918,10615
1919,10612
1920,10609
1921,10606
1922,10603
1923,10600
1924,10597
1925,10594
1926,10591
1927,10588
1928,10586
1929,10583
1930,10580
1931,10577
1932,10574
1933,10571
1934,10568
1935,10565
1936,10562
1937,10559
1938,10556
1939,10554
1940,10551
1941,10548
1942,10545
1943,10542
1944,10539
1945,10536
1946,10533
1947,10530
1948,10527
1949,10525
1950,10522
1951,10519
1952,10516
1953,10513
1954,10510
1955,10507
1956,10504
1957,10501
1958,10498
1959,10496
1960,10493
1961,10490
1962,10487
1963,10484
1964,10481
1965,10478
1966,10475
1967,10472
1968,10470
1969,10467
1970,10464
1971,10461
1972,10458
1973,10455
1974,10452
1975,10449
1976,10446
1977,10443
1978,10441
1979,10438
1980,10435
1981,10432
1982,10429
1983,10426
1984,10423
1985,10420
1986,10418
1987,10415
1988,10412
1989,10409
1990,10406
1991,10403
1992,10400
1993,10397
1994,10394
1995,10392
1996,10389
1997,10386
1998,10383
1999,10380
2000,10377
2001,10374
2002,10371
2003,10369
2004,10366
2005,10363
2006,10360
2007,10357
2008,10354
2009,10351
2010,10348
2011,10346
2012,10343
2013,10340
2014,10337
2015,10334
2016,10331
2017,10328
2018,10325
2019,10323
2020,10320
2021,10317
2022,10314
2023,10311
2024,10308
2025,10305
2026,10302
2027,10300
2028,10297
2029,10294
2030,10291
2031,10288
2032,10285
2033,10282
2034,10280
2035,10277
2036,10274
2037,10271
2038,10268
2039,10265
2040,10262
2041,10260
2042,10257
2043,10254
2044,10251
2045,10248
2046,10245
2047,10242
2048,10240
2049,10237
2050,10234
2051,10231
2052,10228
2053,10225
2054,10222
2055,10220
2056,10217
2057,10214
2058,10211
2059,10208
2060,10205
2061,10202
2062,10200
2063,10197
2064,10194
2065,10191
2066,10188
2067,10185
2068,10182
2069,10180
2070,10177
2071,10174
2072,10171
2073,10168
2074,10165
2075,10163
2076,10160
2077,10157
2078,10154
2079,10151
2080,10148
2081,10145
2082,10143
2083,10140
2084,10137
2085,10134
2086,10131
2087,10128
2088,10126
2089,10123
2090,10120
2091,10117
2092,10114
2093,10111
2094,10109
2095,10106
2096,10103
2097,10100
2098,10097
2099,10094
2100,10091
2101,10089
2102,10086
2103,10083
2104,10080
2105,10077
2106,10074
2107,10072
2108,10069
2109,10066
2110,10063
2111,10060
2112,10057
2113,10055
2114,10052
2115,10049
2116,10046
2117,10043
2118,10041
2119,10038
2120,10035
2121,10032
2122,10029
2123,10026
2124,10024
2125,10021
2126,10018
2127,10015
2128,10012
2129,10009
2130,10007
2131,10004
2132,10001
2133,9998
2134,9995
2135,9993
2136,9990
2137,9987
2138,9984
2139,9981
2140,9978
2141,9976
2142,9973
2143,9970
2144,9967
2145,9964
2146,9962
2147,9959
2148,9956
2149,9953
2150,9950
2151,9947
2152,9945
2153,9942
2154,9939
2155,9936
2156,9933
2157,9931
2158,9928
2159,9925
2160,9922
2161,9919
2162,9917
2163,9914
2164,9911
2165,9908
2166,9905
2167,9903
2168,9900
2169,9897
2170,9894
2171,9891
2172,9888
2173,9886
2174,9883
2175,9880
2176,9877
2177,9874
2178,9872
2179,9869
2180,9866
2181,9863
2182,9860
2183,9858
2184,9855
2185,9852
2186,9849
2187,9846
2188,9844
2189,9841
2190,9838
2191,9835
2192,9832
2193,9830
2194,9827
2195,9824
2196,9821
2197,9818
2198,9815
2199,9813
2200,9810
2201,9807
2202,9804
2203,9801
2204,9799
2205,9796
2206,9793
2207,9790
2208,9787
2209,9785
2210,9782
2211,9779
2212,9776
2213,9773
2214,9771
2215,9768
2216,9765
2217,9762
2218,9759
2219,9757
2220,9754
2221,9751
2222,9748
2223,9745
2224,9743
2225,9740
2226,9737
2227,9734
2228,9731
2229,9728
2230,9726
2231,9723
2232,9720
2233,9717
2234,9714
2235,9712
2236,9709
2237,9706
2238,9703
2239,9700
2240,9698
2241,9695
2242,9692
2243,9689
2244,9686
2245,9684
2246,9681
2247,9678
2248,9675
2249,9672
2250,9670
2251,9667
2252,9664
2253,9661
2254,9658
2255,9656
2256,9653
2257,9650
2258,9647
2259,9644
2260,9642
2261,9639
2262,9636
2263,9633
2264,9630
2265,9628
2266,9625
2267,9622
2268,9619
2269,9616
2270,9614
2271,9611
2272,9608
2273,9605
2274,9602
2275,9600
2276,9597
2277,9594
2278,9591
2279,9588
2280,9585
2281,9583
2282,9580
2283,9577
2284,9574
2285,9571
2286,9569
2287,9566
2288,9563
2289,9560
2290,9557
2291,9555
2292,9552
2293,9549
2294,9546
2295,9543
2296,9541
2297,9538
2298,9535
2299,9532
2300,9529
2301,9527
2302,9524
2303,9521
2304,9518
2305,9515
2306,9513
2307,9510
2308,9507
2309,9504
2310,9501
2311,9499
2312,9496
2313,9493
2314,9490
2315,9487
2316,9485
2317,9482
2318,9479
2319,9476
2320,9473
2321,9471
2322,9468
2323,9465
2324,9462
2325,9459
2326,9457
2327,9454
2328,9451
2329,9448
2330,9445
2331,9443
2332,9440
2333,9437
2334,9434
2335,9431
2336,9429
2337,9426
2338,9423
2339,9420
2340,9417
2341,9415
2342,9412
2343,9409
2344,9406
2345,9403
2346,9401
2347,9398
2348,9395
2349,9392
2350,9389
2351,9387
2352,9384
2353,9381
2354,9378
2355,9375
2356,9373
2357,9370
2358,9367
2359,9364
2360,9361
2361,9359
2362,9356
2363,9353
2364,9350
2365,9347
2366,9345
2367,9342
2368,9339
2369,9336
2370,9333
2371,9331
2372,9328
2373,9325
2374,9322
2375,9319
2376,9317
2377,9314
2378,9311
2379,9308
2380,9305
2381,9303
2382,9300
2383,9297
2384,9294
2385,9291
2386,9289
2387,9286
2388,9283
2389,9280
2390,9277
2391,9275
2392,9272
2393,9269
2394,9266
2395,9263
2396,9261
2397,9258
2398,9255
2399,9252
2400,9249
2401,9247
2402,9244
2403,9241
2404,9238
2405,9235
2406,9233
2407,9230
2408,9227
2409,9224
2410,9221
2411,9219
2412,9216
2413,9213
2414,9210
2415,9207
2416,9205
2417,9202
2418,9199
2419,9196
2420,9193
2421,9191
2422,9188
2423,9185
2424,9182
2425,9179
2426,9177
2427,9174
2428,9171
2429,9168
2430,9165
2431,9163
2432,9160
2433,9157
2434,9154
2435,9151
2436,9148
2437,9146
2438,9143
2439,9140
2440,9137
2441,9134
2442,9132
2443,9129
2444,9126
2445,9123
2446,9120
2447,9118
2448,9115
2449,9112
2450,9109
2451,9106
2452,9103
2453,9101
2454,9098
2455,9095
2456,9092
2457,9089
2458,9087
2459,9084
2460,9081
2461,9078
2462,9075
2463,9072
2464,9070
2465,9067
2466,9064
2467,9061
2468,9058
2469,9056
2470,9053
2471,9050
2472,9047
2473,9044
2474,9041
2475,9039
2476,9036
2477,9033
2478,9030
2479,9027
2480,9025
2481,9022
2482,9019
2483,9016
2484,9013
2485,9010
2486,9008
2487,9005
2488,9002
2489,8999
2490,8996
2491,8993
2492,8991
2493,8988
2494,8985
2495,8982
2496,8979
2497,8976
2498,8974
2499,8971
2500,8968
2501,8965
2502,8962
2503,8960
2504,8957
2505,8954
2506,8951
2507,8948
2508,8945
2509,8943
2510,8940
2511,8937
2512,8934
2513,8931
2514,8928
2515,8926
2516,8923
2517,8920
2518,8917
2519,8914
2520,8911
2521,8909
2522,8906
2523,8903
2524,8900
2525,8897
2526,8894
2527,8892
2528,8889
2529,8886
2530,8883
2531,8880
2532,8877
2533,8874
2534,8872
2535,8869
2536,8866
2537,8863
2538,8860
2539,8857
2540,8855
2541,8852
2542,8849
2543,8846
2544,8843
2545,8840
2546,8838
2547,8835
2548,8832
2549,8829
2550,8826
2551,8823
2552,8820
2553,8818
2554,8815
2555,8812
2556,8809
2557,8806
2558,8803
2559,8801
2560,8798
2561,8795
2562,8792
2563,8789
2564,8786
2565,8783
2566,8781
2567,8778
2568,8775
2569,8772
2570,8769
2571,8766
2572,8764
2573,8761
2574,8758
2575,8755
2576,8752
2577,8749
2578,8746
2579,8744
2580,8741
2581,8738
2582,8735
2583,8732
2584,8729
2585,8726
2586,8724
2587,8721
2588,8718
2589,8715
2590,8712
2591,8709
2592,8707
2593,8704
2594,8701
2595,8698
2596,8695
2597,8692
2598,8689
2599,8687
2600,8684
2601,8681
2602,8678
2603,8675
2604,8672
2605,8669
2606,8667
2607,8664
2608,8661
2609,8658
2610,8655
2611,8652
2612,8649
2613,8646
2614,8644
2615,8641
2616,8638
2617,8635
2618,8632
2619,8629
2620,8626
2621,8624
2622,8621
2623,8618
2624,8615
2625,8612
2626,8609
2627,8606
2628,8604
2629,8601
2630,8598
2631,8595
2632,8592
2633,8589
2634,8586
2635,8583
2636,8581
2637,8578
2638,8575
2639,8572
2640,8569
2641,8566
2642,8563
2643,8560
2644,8558
2645,8555
2646,8552
2647,8549
2648,8546
2649,8543
2650,8540
2651,8537
2652,8534
2653,8532
2654,8529
2655,8526
2656,8523
2657,8520
2658,8517
2659,8514
2660,8511
2661,8509
2662,8506
2663,8503
2664,8500
2665,8497
2666,8494
2667,8491
2668,8488
2669,8485
2670,8482
2671,8480
2672,8477
2673,8474
2674,8471
2675,8468
2676,8465
2677,8462
2678,8459
2679,8456
2680,8454
2681,8451
2682,8448
2683,8445
2684,8442
2685,8439
2686,8436
2687,8433
2688,8430
2689,8427
2690,8424
2691,8422
2692,8419
2693,8416
2694,8413
2695,8410
2696,8407
2697,8404
2698,8401
2699,8398
2700,8395
2701,8392
2702,8390
2703,8387
2704,8384
2705,8381
2706,8378
2707,8375
2708,8372
2709,8369
2710,8366
2711,8363
2712,8360
2713,8357
2714,8355
2715,8352
2716,8349
2717,8346
2718,8343
2719,8340
2720,8337
2721,8334
2722,8331
2723,8328
2724,8325
2725,8322
2726,8320
2727,8317
2728,8314
2729,8311
2730,8308
2731,8305
2732,8302
2733,8299
2734,8296
2735,8293
2736,8290
2737,8287
2738,8284
2739,8281
2740,8278
2741,8276
2742,8273
2743,8270
2744,8267
2745,8264
2746,8261
2747,8258
2748,8255
2749,8252
2750,8249
2751,8246
2752,8243
2753,8240
2754,8237
2755,8234
2756,8231
2757,8228
2758,8226
2759,8223
2760,8220
2761,8217
2762,8214
2763,8211
2764,8208
2765,8205
2766,8202
2767,8199
2768,8196
2769,8193
2770,8190
2771,8187
2772,8184
2773,8181
2774,8178
2775,8175
2776,8172
2777,8169
2778,8167
2779,8164
2780,8161
2781,8158
2782,8155
2783,8152
2784,8149
2785,8146
2786,8143
2787,8140
2788,8137
2789,8134
2790,8131
2791,8128
2792,8125
2793,8122
2794,8119
2795,8116
2796,8113
2797,8110
2798,8107
2799,8104
2800,8101
2801,8098
2802,8095
2803,8092
2804,8089
2805,8086
2806,8083
2807,8081
2808,8078
2809,8075
2810,8072
2811,8069
2812,8066
2813,8063
2814,8060
2815,8057
2816,8054
2817,8051
2818,8048
2819,8045
2820,8042
2821,8039
2822,8036
2823,8033
2824,8030
2825,8027
2826,8024
2827,8021
2828,8018
2829,8015
2830,8012
2831,8009
2832,8006
2833,8003
2834,8000
2835,7997
2836,7994
2837,7991
2838,7988
2839,7985
2840,7982
2841,7979
2842,7976
2843,7973
2844,7970
2845,7967
2846,7964
2847,7961
2848,7958
2849,7955
2850,7952
2851,7949
2852,7946
2853,7943
2854,7940
2855,7937
2856,7934
2857,7931
2858,7928
2859,7925
2860,7922
2861,7919
2862,7916
2863,7913
2864,7910
2865,7907
2866,7904
2867,7901
2868,7898
2869,7895
2870,7892
2871,7889
2872,7885
2873,7882
2874,7879
2875,7876
2876,7873
2877,7870
2878,7867
2879,7864
2880,7861
2881,7858
2882,7855
2883,7852
2884,7849
2885,7846
2886,7843
2887,7840
2888,7837
2889,7834
2890,7831
2891,7828
2892,7825
2893,7821
2894,7818
2895,7815
2896,7812
2897,7809
2898,7806
2899,7803
2900,7800
2901,7797
2902,7794
2903,7791
2904,7788
2905,7785
2906,7782
2907,7779
2908,7775
2909,7772
2910,7769
2911,7766
2912,7763
2913,7760
2914,7757
2915,7754
2916,7751
2917,7748
2918,7745
2919,7742
2920,7738
2921,7735
2922,7732
2923,7729
2924,7726
2925,7723
2926,7720
2927,7717
2928,7714
2929,7711
2930,7707
2931,7704
2932,7701
2933,7698
2934,7695
2935,7692
2936,7689
2937,7686
2938,7683
2939,7680
2940,7676
2941,7673
2942,7670
2943,7667
2944,7664
2945,7661
2946,7658
2947,7655
2948,7651
2949,7648
2950,7645
2951,7642
2952,7639
2953,7636
2954,7633
2955,7630
2956,7626
2957,7623
2958,7620
2959,7617
2960,7614
2961,7611
2962,7608
2963,7604
2964,7601
2965,7598
2966,7595
2967,7592
2968,7589
2969,7586
2970,7582
2971,7579
2972,7576
2973,7573
2974,7570
2975,7567
2976,7563
2977,7560
2978,7557
2979,7554
2980,7551
2981,7548
2982,7545
2983,7541
2984,7538
2985,7535
2986,7532
2987,7529
2988,7526
2989,7522
2990,7519
2991,7516
2992,7513
2993,7510
2994,7506
2995,7503
2996,7500
2997,7497
2998,7494
2999,7491
3000,7487
3001,7484
3002,7481
3003,7478
3004,7475
3005,7471
3006,7468
3007,7465
3008,7462
3009,7459
3010,7455
3011,7452
3012,7449
3013,7446
3014,7443
3015,7439
3016,7436
3017,7433
3018,7430
3019,7427
3020,7423
3021,7420
3022,7417
3023,7414
3024,7411
3025,7407
3026,7404
3027,7401
3028,7398
3029,7395
3030,7391
3031,7388
3032,7385
3033,7382
3034,7378
3035,7375
3036,7372
3037,7369
3038,7366
3039,7362
3040,7359
3041,7356
3042,7353
3043,7349
3044,7346
3045,7343
3046,7340
3047,7336
3048,7333
3049,7330
3050,7327
3051,7323
3052,7320
3053,7317
3054,7314
3055,7310
3056,7307
3057,7304
3058,7301
3059,7297
3060,7294
3061,7291
3062,7287
3063,7284
3064,7281
3065,7278
3066,7274
3067,7271
3068,7268
3069,7264
3070,7261
3071,7258
3072,7255
3073,7251
3074,7248
3075,7245
3076,7241
3077,7238
3078,7235
3079,7231
3080,7228
3081,7225
3082,7221
3083,7218
3084,7215
3085,7212
3086,7208
3087,7205
3088,7202
3089,7198
3090,7195
3091,7192
3092,7188
3093,7185
3094,7182
3095,7178
3096,7175
3097,7172
3098,7168
3099,7165
3100,7161
3101,7158
3102,7155
3103,7151
3104,7148
3105,7145
3106,7141
3107,7138
3108,7135
3109,7131
3110,7128
3111,7124
3112,7121
3113,7118
3114,7114
3115,7111
3116,7108
3117,7104
3118,7101
3119,7097
3120,7094
3121,7091
3122,7087
3123,7084
3124,7080
3125,7077
3126,7074
3127,7070
3128,7067
3129,7063
3130,7060
3131,7057
3132,7053
3133,7050
3134,7046
3135,7043
3136,7040
3137,7036
3138,7033
3139,7029
3140,7026
3141,7022
3142,7019
3143,7015
3144,7012
3145,7009
3146,7005
3147,7002
3148,6998
3149,6995
3150,6991
3151,6988
3152,6984
3153,6981
3154,6978
3155,6974
3156,6971
3157,6967
3158,6964
3159,6960
3160,6957
3161,6953
3162,6950
3163,6946
3164,6943
3165,6939
3166,6936
3167,6932
3168,6929
3169,6925
3170,6922
3171,6918
3172,6915
3173,6911
3174,6908
3175,6904
3176,6901
3177,6897
3178,6894
3179,6890
3180,6887
3181,6883
3182,6880
3183,6876
3184,6873
3185,6869
3186,6866
3187,6862
3188,6859
3189,6855
3190,6852
3191,6848
3192,6845
3193,6841
3194,6838
3195,6834
3196,6831
3197,6827
3198,6823
3199,6820
3200,6816
3201,6813
3202,6809
3203,6806
3204,6802
3205,6799
3206,6795
3207,6791
3208,6788
3209,6784
3210,6781
3211,6777
3212,6774
3213,6770
3214,6766
3215,6763
3216,6759
3217,6756
3218,6752
3219,6749
3220,6745
3221,6741
3222,6738
3223,6734
3224,6731
3225,6727
3226,6723
3227,6720
3228,6716
3229,6713
3230,6709
3231,6705
3232,6702
3233,6698
3234,6695
3235,6691
3236,6687
3237,6684
3238,6680
3239,6676
3240,6673
3241,6669
3242,6665
3243,6662
3244,6658
3245,6654
3246,6651
3247,6647
3248,6644
3249,6640
3250,6636
3251,6633
3252,6629
3253,6625
3254,6621
3255,6618
3256,6614
3257,6610
3258,6607
3259,6603
3260,6599
3261,6596
3262,6592
3263,6588
3264,6585
3265,6581
3266,6577
3267,6573
3268,6570
3269,6566
3270,6562
3271,6559
3272,6555
3273,6551
3274,6547
3275,6544
3276,6540
3277,6536
3278,6532
3279,6529
3280,6525
3281,6521
3282,6517
3283,6514
3284,6510
3285,6506
3286,6502
3287,6499
3288,6495
3289,6491
3290,6487
3291,6483
3292,6480
3293,6476
3294,6472
3295,6468
3296,6464
3297,6461
3298,6457
3299,6453
3300,6449
3301,6445
3302,6442
3303,6438
3304,6434
3305,6430
3306,6426
3307,6423
3308,6419
3309,6415
3310,6411
3311,6407
3312,6403
3313,6400
3314,6396
3315,6392
3316,6388
3317,6384
3318,6380
3319,6376
3320,6373
3321,6369
3322,6365
3323,6361
3324,6357
3325,6353
3326,6349
3327,6345
3328,6342
3329,6338
3330,6334
3331,6330
3332,6326
3333,6322
3334,6318
3335,6314
3336,6310
3337,6306
3338,6303
3339,6299
3340,6295
3341,6291
3342,6287
3343,6283
3344,6279
3345,6275
3346,6271
3347,6267
3348,6263
3349,6259
3350,6255
3351,6251
3352,6247
3353,6243
3354,6240
3355,6236
3356,6232
3357,6228
3358,6224
3359,6220
3360,6216
3361,6212
3362,6208
3363,6204
3364,6200
3365,6196
3366,6192
3367,6188
3368,6184
3369,6180
3370,6176
3371,6172
3372,6168
3373,6164
3374,6160
3375,6156
3376,6152
3377,6148
3378,6144
3379,6140
3380,6136
3381,6132
3382,6128
3383,6124
3384,6120
3385,6115
3386,6111
3387,6107
3388,6103
3389,6099
3390,6095
3391,6091
3392,6087
3393,6083
3394,6079
3395,6075
3396,6071
3397,6067
3398,6063
3399,6058
3400,6054
3401,6050
3402,6046
3403,6042
3404,6038
3405,6034
3406,6030
3407,6026
3408,6021
3409,6017
3410,6013
3411,6009
3412,6005
3413,6001
3414,5996
3415,5992
3416,5988
3417,5984
3418,5980
3419,5975
3420,5971
3421,5967
3422,5963
3423,5959
3424,5954
3425,5950
3426,5946
3427,5942
3428,5938
3429,5933
3430,5929
3431,5925
3432,5921
3433,5916
3434,5912
3435,5908
3436,5903
3437,5899
3438,5895
3439,5891
3440,5886
3441,5882
3442,5878
3443,5873
3444,5869
3445,5865
3446,5860
3447,5856
3448,5852
3449,5847
3450,5843
3451,5839
3452,5834
3453,5830
3454,5826
3455,5821
3456,5817
3457,5812
3458,5808
3459,5804
3460,5799
3461,5795
3462,5790
3463,5786
3464,5782
3465,5777
3466,5773
3467,5768
3468,5764
3469,5760
3470,5755
3471,5751
3472,5746
3473,5742
3474,5737
3475,5733
3476,5728
3477,5724
3478,5719
3479,5715
3480,5710
3481,5706
3482,5701
3483,5697
3484,5692
3485,5688
3486,5683
3487,5679
3488,5674
3489,5670
3490,5665
3491,5661
3492,5656
3493,5651
3494,5647
3495,5642
3496,5638
3497,5633
3498,5629
3499,5624
3500,5619
3501,5615
3502,5610
3503,5606
3504,5601
3505,5596
3506,5592
3507,5587
3508,5583
3509,5578
3510,5573
3511,5569
3512,5564
3513,5559
3514,5555
3515,5550
3516,5545
3517,5541
3518,5536
3519,5531
3520,5527
3521,5522
3522,5517
3523,5513
3524,5508
3525,5503
3526,5498
3527,5494
3528,5489
3529,5484
3530,5480
3531,5475
3532,5470
3533,5465
3534,5461
3535,5456
3536,5451
3537,5446
3538,5441
3539,5437
3540,5432
3541,5427
3542,5422
3543,5417
3544,5413
3545,5408
3546,5403
3547,5398
3548,5393
3549,5388
3550,5383
3551,5379
3552,5374
3553,5369
3554,5364
3555,5359
3556,5354
3557,5349
3558,5344
3559,5339
3560,5334
3561,5329
3562,5324
3563,5319
3564,5314
3565,5309
3566,5304
3567,5299
3568,5294
3569,5289
3570,5284
3571,5279
3572,5274
3573,5269
3574,5264
3575,5259
3576,5254
3577,5249
3578,5244
3579,5239
3580,5234
3581,5229
3582,5223
3583,5218
3584,5213
3585,5208
3586,5203
3587,5198
3588,5193
3589,5187
3590,5182
3591,5177
3592,5172
3593,5167
3594,5161
3595,5156
3596,5151
3597,5146
3598,5141
3599,5135
3600,5130
3601,5125
3602,5120
3603,5114
3604,5109
3605,5104
3606,5098
3607,5093
3608,5088
3609,5082
3610,5077
3611,5072
3612,5066
3613,5061
3614,5056
3615,5050
3616,5045
3617,5039
3618,5034
3619,5029
3620,5023
3621,5018
3622,5012
3623,5007
3624,5002
3625,4996
3626,4991
3627,4985
3628,4980
3629,4974
3630,4969
3631,4963
3632,4958
3633,4952
3634,4947
3635,4941
3636,4936
3637,4930
3638,4925
3639,4919
3640,4913
3641,4908
3642,4902
3643,4897
3644,4891
3645,4886
3646,4880
3647,4874
3648,4869
3649,4863
3650,4857
3651,4852
3652,4846
3653,4840
3654,4835
3655,4829
3656,4823
3657,4818
3658,4812
3659,4806
3660,4801
3661,4795
3662,4789
3663,4783
3664,4778
3665,4772
3666,4766
3667,4760
3668,4754
3669,4748
3670,4743
3671,4737
3672,4731
3673,4725
3674,4719
3675,4713
3676,4707
3677,4701
3678,4695
3679,4689
3680,4683
3681,4677
3682,4671
3683,4665
3684,4659
3685,4653
3686,4647
3687,4641
3688,4635
3689,4629
3690,4623
3691,4617
3692,4611
3693,4605
3694,4599
3695,4592
3696,4586
3697,4580
3698,4574
3699,4568
3700,4561
3701,4555
3702,4549
3703,4543
3704,4536
3705,4530
3706,4524
3707,4518
3708,4511
3709,4505
3710,4499
3711,4492
3712,4486
3713,4480
3714,4473
3715,4467
3716,4460
3717,4454
3718,4447
3719,4441
3720,4435
3721,4428
3722,4422
3723,4415
3724,4409
3725,4402
3726,4395
3727,4389
3728,4382
3729,4376
3730,4369
3731,4363
3732,4356
3733,4349
3734,4343
3735,4336
3736,4329
3737,4323
3738,4316
3739,4309
3740,4303
3741,4296
3742,4289
3743,4282
3744,4276
3745,4269
3746,4262
3747,4255
3748,4249
3749,4242
3750,4235
3751,4228
3752,4221
3753,4214
3754,4207
3755,4201
3756,4194
3757,4187
3758,4180
3759,4173
3760,4166
3761,4159
3762,4152
3763,4145
3764,4138
3765,4131
3766,4124
3767,4117
3768,4110
3769,4102
3770,4095
3771,4088
3772,4081
3773,4074
3774,4066
3775,4059
3776,4052
3777,4044
3778,4037
3779,4030
3780,4022
3781,4015
3782,4008
3783,4000
3784,3993
3785,3985
3786,3978
3787,3970
3788,3963
3789,3955
3790,3948
3791,3940
3792,3932
3793,3925
3794,3917
3795,3909
3796,3902
3797,3894
3798,3886
3799,3879
3800,3871
3801,3863
3802,3855
3803,3847
3804,3840
3805,3832
3806,3824
3807,3816
3808,3808
3809,3800
3810,3792
3811,3784
3812,3776
3813,3768
3814,3760
3815,3752
3816,3744
3817,3736
3818,3727
3819,3719
3820,3711
3821,3703
3822,3695
3823,3686
3824,3678
3825,3670
3826,3662
3827,3653
3828,3645
3829,3636
3830,3628
3831,3620
3832,3611
3833,3603
3834,3594
3835,3586
3836,3577
3837,3569
3838,3560
3839,3552
3840,3543
3841,3535
3842,3526
3843,3517
3844,3508
3845,3500
3846,3491
3847,3482
3848,3473
3849,3464
3850,3455
3851,3446
3852,3437
3853,3428
3854,3419
3855,3410
3856,3401
3857,3392
3858,3382
3859,3373
3860,3364
3861,3354
3862,3345
3863,3336
3864,3326
3865,3317
3866,3307
3867,3297
3868,3288
3869,3278
3870,3268
3871,3259
3872,3249
3873,3239
3874,3229
3875,3219
3876,3209
3877,3200
3878,3189
3879,3179
3880,3169
3881,3159
3882,3149
3883,3139
3884,3129
3885,3118
3886,3108
3887,3098
3888,3087
3889,3077
3890,3067
3891,3056
3892,3046
3893,3035
3894,3024
3895,3014
3896,3003
3897,2992
3898,2982
3899,2971
3900,2960
3901,2949
3902,2938
3903,2927
3904,2916
3905,2905
3906,2894
3907,2883
3908,2872
3909,2861
3910,2849
3911,2838
3912,2827
3913,2815
3914,2803
3915,2792
3916,2780
3917,2768
3918,2757
3919,2745
3920,2733
3921,2721
3922,2709
3923,2697
3924,2685
3925,2672
3926,2660
3927,2648
3928,2635
3929,2623
3930,2610
3931,2598
3932,2585
3933,2572
3934,2560
3935,2547
3936,2534
3937,2521
3938,2508
3939,2495
3940,2481
3941,2468
3942,2455
3943,2442
3944,2428
3945,2415
3946,2401
3947,2388
3948,2374
3949,2360
3950,2347
3951,2333
3952,2319
3953,2305
3954,2291
3955,2277
3956,2263
3957,2248
3958,2234
3959,2220
3960,2205
3961,2190
3962,2175
3963,2160
3964,2145
3965,2130
3966,2114
3967,2099
3968,2083
3969,2067
3970,2052
3971,2035
3972,2019
3973,2003
3974,1987
3975,1970
3976,1953
3977,1936
3978,1920
3979,1902
3980,1885
3981,1868
3982,1850
3983,1833
3984,1815
3985,1797
3986,1779
3987,1761
3988,1743
3989,1724
3990,1706
3991,1687
3992,1669
3993,1650
3994,1631
3995,1611
3996,1592
3997,1573
3998,1553
3999,1533
4000,1513
4001,1493
4002,1472
4003,1451
4004,1431
4005,1410
4006,1388
4007,1367
4008,1345
4009,1324
4010,1302
4011,1280
4012,1257
4013,1235
4014,1212
4015,1189
4016,1166
4017,1143
4018,1119
4019,1096
4020,1072
4021,1048
4022,1023
4023,999
4024,974
4025,949
4026,924
4027,898
4028,871
4029,844
4030,816
4031,788
4032,759
4033,730
4034,700
4035,670
4036,640
4037,608
4038,577
4039,544
4040,512
4041,478
4042,445
4043,410
4044,375
4045,340
4046,304
4047,268
4048,231
4049,194
4050,156
4051,118
4052,79
4053,39
4054,0
4055,0
4056,0
4057,0
4058,0
4059,0
4060,0
4061,0
4062,0
4063,0
4064,0
4065,0
4066,0
4067,0
4068,0
4069,0
4070,0
4071,0
4072,0
4073,0
4074,0
4075,0
4076,0
4077,0
4078,0
4079,0
4080,0
4081,0
4082,0
4083,0
4084,0
4085,0
4086,0
4087,0
4088,0
4089,0
4090,0
4091,0
4092,0
4093,0
4094,0
4095,0
